cve_id,month_year,severity
CVE-2020-0338,2022-01,High
CVE-2021-0643,2022-01,High
CVE-2021-0934,2022-01,High
CVE-2021-39618,2022-01,High
CVE-2021-39620,2022-01,High
CVE-2021-39621,2022-01,High
CVE-2021-39622,2022-01,High
CVE-2021-39623,2022-01,High
CVE-2021-39625,2022-01,High
CVE-2021-39626,2022-01,High
CVE-2021-39627,2022-01,High
CVE-2021-39628,2022-01,High
CVE-2021-39629,2022-01,High
CVE-2021-39630,2022-01,High
CVE-2021-39632,2022-01,High
CVE-2021-39659,2022-01,High
CVE-2021-30275,2022-01,Critical
CVE-2021-30276,2022-01,Critical
CVE-2021-30351,2022-01,Critical
CVE-2020-0368,2022-01,High
CVE-2020-11263,2022-01,High
CVE-2021-0675,2022-01,High
CVE-2021-0904,2022-01,High
CVE-2021-0971,2022-01,High
CVE-2021-1894,2022-01,High
CVE-2021-1918,2022-01,High
CVE-2021-30262,2022-01,High
CVE-2021-30267,2022-01,High
CVE-2021-30268,2022-01,High
CVE-2021-30273,2022-01,High
CVE-2021-30274,2022-01,High
CVE-2021-30278,2022-01,High
CVE-2021-30279,2022-01,High
CVE-2021-30282,2022-01,High
CVE-2021-30283,2022-01,High
CVE-2021-30289,2022-01,High
CVE-2021-30293,2022-01,High
CVE-2021-30303,2022-01,High
CVE-2021-30335,2022-01,High
CVE-2021-30336,2022-01,High
CVE-2021-30337,2022-01,High
CVE-2021-33909,2022-01,High
CVE-2021-38204,2022-01,High
CVE-2021-0961,2022-01,Moderate
CVE-2021-39675,2022-02,Critical
CVE-2020-13112,2022-02,High
CVE-2020-13113,2022-02,High
CVE-2021-0706,2022-02,High
CVE-2021-39619,2022-02,High
CVE-2021-39662,2022-02,High
CVE-2021-39663,2022-02,High
CVE-2021-39664,2022-02,High
CVE-2021-39665,2022-02,High
CVE-2021-39666,2022-02,High
CVE-2021-39668,2022-02,High
CVE-2021-39669,2022-02,High
CVE-2021-39671,2022-02,High
CVE-2021-39674,2022-02,High
CVE-2021-39676,2022-02,High
CVE-2021-0922,2022-02,Moderate
CVE-2021-30285,2022-02,Critical
CVE-2021-0959,2022-02,High
CVE-2021-1049,2022-02,High
CVE-2021-30287,2022-02,High
CVE-2021-30300,2022-02,High
CVE-2021-30301,2022-02,High
CVE-2021-30307,2022-02,High
CVE-2021-30308,2022-02,High
CVE-2021-30311,2022-02,High
CVE-2021-30319,2022-02,High
CVE-2021-30353,2022-02,High
CVE-2021-31345,2022-02,High
CVE-2021-31346,2022-02,High
CVE-2021-31889,2022-02,High
CVE-2021-31890,2022-02,High
CVE-2021-39633,2022-02,High
CVE-2021-39634,2022-02,High
CVE-2021-40148,2022-02,High
CVE-2021-39708,2022-03,Critical
CVE-2021-0957,2022-03,High
CVE-2021-39667,2022-03,High
CVE-2021-39690,2022-03,High
CVE-2021-39692,2022-03,High
CVE-2021-39693,2022-03,High
CVE-2021-39695,2022-03,High
CVE-2021-39697,2022-03,High
CVE-2021-39701,2022-03,High
CVE-2021-39702,2022-03,High
CVE-2021-39703,2022-03,High
CVE-2021-39704,2022-03,High
CVE-2021-39705,2022-03,High
CVE-2021-39706,2022-03,High
CVE-2021-39707,2022-03,High
CVE-2021-39709,2022-03,High
CVE-2021-39689,2022-03,Moderate
CVE-2021-30317,2022-03,Critical
CVE-2021-30309,2022-03,High
CVE-2021-30318,2022-03,High
CVE-2021-30322,2022-03,High
CVE-2021-30323,2022-03,High
CVE-2021-30326,2022-03,High
CVE-2021-35068,2022-03,High
CVE-2021-35069,2022-03,High
CVE-2021-35074,2022-03,High
CVE-2021-35075,2022-03,High
CVE-2021-35077,2022-03,High
CVE-2021-39616,2022-03,High
CVE-2021-39631,2022-03,High
CVE-2021-39635,2022-03,High
CVE-2021-39658,2022-03,High
CVE-2021-39672,2022-03,High
CVE-2022-20024,2022-03,High
CVE-2022-20025,2022-03,High
CVE-2022-20027,2022-03,High
CVE-2022-20028,2022-03,High
CVE-2022-20489,2023-01,High
CVE-2022-20490,2023-01,High
CVE-2022-20492,2023-01,High
CVE-2022-20493,2023-01,High
CVE-2023-20912,2023-01,High
CVE-2023-20916,2023-01,High
CVE-2023-20919,2023-01,High
CVE-2023-20920,2023-01,High
CVE-2023-20921,2023-01,High
CVE-2022-20494,2023-01,High
CVE-2023-20908,2023-01,High
CVE-2023-20922,2023-01,High
CVE-2022-20461,2023-01,High
CVE-2023-20904,2023-01,High
CVE-2023-20905,2023-01,High
CVE-2023-20913,2023-01,High
CVE-2023-20915,2023-01,High
CVE-2022-23960,2023-01,High
CVE-2021-39660,2023-01,High
CVE-2022-32594,2023-01,High
CVE-2022-32596,2023-01,High
CVE-2022-32597,2023-01,High
CVE-2022-32598,2023-01,High
CVE-2022-32619,2023-01,High
CVE-2022-32620,2023-01,High
CVE-2022-39106,2023-01,High
CVE-2022-39131,2023-01,High
CVE-2022-39132,2023-01,High
CVE-2022-39133,2023-01,High
CVE-2022-39134,2023-01,High
CVE-2022-42754,2023-01,High
CVE-2022-42755,2023-01,High
CVE-2022-42756,2023-01,High
CVE-2022-42770,2023-01,High
CVE-2022-42771,2023-01,High
CVE-2022-42772,2023-01,High
CVE-2022-39129,2023-01,High
CVE-2022-39130,2023-01,High
CVE-2022-33268,2023-01,High
CVE-2022-25672,2023-01,High
CVE-2022-25673,2023-01,High
CVE-2022-25681,2023-01,High
CVE-2022-25682,2023-01,High
CVE-2022-25685,2023-01,High
CVE-2022-25689,2023-01,High
CVE-2022-25691,2023-01,High
CVE-2022-25692,2023-01,High
CVE-2022-25695,2023-01,High
CVE-2022-25697,2023-01,High
CVE-2022-25698,2023-01,High
CVE-2022-25702,2023-01,High
CVE-2022-33235,2023-01,High
CVE-2022-33238,2023-01,High
CVE-2022-20443,2023-02,High
CVE-2022-20551,2023-02,High
CVE-2023-20934,2023-02,High
CVE-2023-20942,2023-02,High
CVE-2023-20943,2023-02,High
CVE-2023-20944,2023-02,High
CVE-2023-20948,2023-02,High
CVE-2023-20933,2023-02,High
CVE-2022-43680,2023-02,High
CVE-2023-20939,2023-02,High
CVE-2023-20940,2023-02,High
CVE-2023-20945,2023-02,High
CVE-2023-20946,2023-02,High
CVE-2022-20481,2023-02,High
CVE-2023-20932,2023-02,High
CVE-2022-20455,2023-02,High
CVE-2020-27059,2023-02,High
CVE-2022-20006,2023-02,High
CVE-2022-20441,2023-02,High
CVE-2022-20451,2023-02,High
CVE-2022-42719,2023-02,Critical
CVE-2022-42720,2023-02,Critical
CVE-2022-42721,2023-02,Critical
CVE-2022-41674,2023-02,Critical
CVE-2022-22088,2023-02,Critical
CVE-2021-35097,2023-02,Critical
CVE-2021-35113,2023-02,Critical
CVE-2021-35134,2023-02,Critical
CVE-2022-2959,2023-02,High
CVE-2023-20928,2023-02,High
CVE-2022-20235,2023-02,High
CVE-2022-32635,2023-02,High
CVE-2022-32636,2023-02,High
CVE-2022-32637,2023-02,High
CVE-2022-44425,2023-02,High
CVE-2022-44426,2023-02,High
CVE-2022-44427,2023-02,High
CVE-2022-44428,2023-02,High
CVE-2022-44429,2023-02,High
CVE-2022-44430,2023-02,High
CVE-2022-44431,2023-02,High
CVE-2022-44432,2023-02,High
CVE-2022-44434,2023-02,High
CVE-2022-44435,2023-02,High
CVE-2022-44436,2023-02,High
CVE-2022-44437,2023-02,High
CVE-2022-44438,2023-02,High
CVE-2022-33255,2023-02,High
CVE-2022-23960,2023-02,High
CVE-2022-25725,2023-02,High
CVE-2022-25746,2023-02,High
CVE-2022-33252,2023-02,High
CVE-2022-33253,2023-02,High
CVE-2022-33266,2023-02,High
CVE-2022-33274,2023-02,High
CVE-2022-33276,2023-02,High
CVE-2022-33283,2023-02,High
CVE-2022-33284,2023-02,High
CVE-2022-33285,2023-02,High
CVE-2022-33286,2023-02,High
CVE-2023-20951,2023-03,Critical
CVE-2023-20954,2023-03,Critical
CVE-2023-20906,2023-03,High
CVE-2023-20911,2023-03,High
CVE-2023-20917,2023-03,High
CVE-2023-20947,2023-03,High
CVE-2023-20963,2023-03,High
CVE-2023-20956,2023-03,High
CVE-2023-20958,2023-03,High
CVE-2023-20964,2023-03,High
CVE-2023-20926,2023-03,High
CVE-2023-20931,2023-03,High
CVE-2023-20936,2023-03,High
CVE-2023-20953,2023-03,High
CVE-2023-20955,2023-03,High
CVE-2023-20957,2023-03,High
CVE-2023-20959,2023-03,High
CVE-2023-20960,2023-03,High
CVE-2023-20966,2023-03,High
CVE-2022-4452,2023-03,High
CVE-2022-20467,2023-03,High
CVE-2023-20929,2023-03,High
CVE-2023-20952,2023-03,High
CVE-2023-20962,2023-03,High
CVE-2022-20499,2023-03,High
CVE-2023-20910,2023-03,High
CVE-2022-33243,2023-03,Critical
CVE-2022-33280,2023-03,Critical
CVE-2022-33232,2023-03,Critical
CVE-2022-40514,2023-03,Critical
CVE-2022-39189,2023-03,High
CVE-2022-39842,2023-03,High
CVE-2022-41222,2023-03,High
CVE-2023-20937,2023-03,High
CVE-2023-20938,2023-03,High
CVE-2022-0850,2023-03,High
CVE-2023-20602,2023-03,High
CVE-2022-47331,2023-03,High
CVE-2022-47339,2023-03,High
CVE-2022-33221,2023-03,High
CVE-2022-33233,2023-03,High
CVE-2022-33248,2023-03,High
CVE-2022-33271,2023-03,High
CVE-2022-33277,2023-03,High
CVE-2022-33306,2023-03,High
CVE-2022-34145,2023-03,High
CVE-2022-34146,2023-03,High
CVE-2022-40502,2023-03,High
CVE-2022-40512,2023-03,High
CVE-2023-21085,2023-04,Critical
CVE-2023-21096,2023-04,Critical
CVE-2023-21081,2023-04,High
CVE-2023-21088,2023-04,High
CVE-2023-21089,2023-04,High
CVE-2023-21092,2023-04,High
CVE-2023-21094,2023-04,High
CVE-2023-21097,2023-04,High
CVE-2023-21098,2023-04,High
CVE-2023-21087,2023-04,High
CVE-2023-21090,2023-04,High
CVE-2022-20463,2023-04,High
CVE-2023-20967,2023-04,High
CVE-2023-21084,2023-04,High
CVE-2023-21086,2023-04,High
CVE-2023-21093,2023-04,High
CVE-2023-21099,2023-04,High
CVE-2023-21100,2023-04,High
CVE-2022-20471,2023-04,High
CVE-2023-20909,2023-04,High
CVE-2023-20935,2023-04,High
CVE-2023-21080,2023-04,High
CVE-2023-21082,2023-04,High
CVE-2023-21083,2023-04,High
CVE-2023-21091,2023-04,High
CVE-2023-20950,2023-04,Moderate
CVE-2022-33213,2023-04,Critical
CVE-2022-33256,2023-04,Critical
CVE-2021-33655,2023-04,High
CVE-2023-20620,2023-04,High
CVE-2023-20621,2023-04,High
CVE-2023-20623,2023-04,High
CVE-2022-47459,2023-04,High
CVE-2022-47461,2023-04,High
CVE-2022-47462,2023-04,High
CVE-2022-47460,2023-04,High
CVE-2022-22075,2023-04,High
CVE-2022-40537,2023-04,High
CVE-2022-40540,2023-04,High
CVE-2022-25655,2023-04,High
CVE-2022-25694,2023-04,High
CVE-2022-25705,2023-04,High
CVE-2022-25709,2023-04,High
CVE-2022-33242,2023-04,High
CVE-2022-33244,2023-04,High
CVE-2022-33250,2023-04,High
CVE-2022-33254,2023-04,High
CVE-2022-33272,2023-04,High
CVE-2022-33278,2023-04,High
CVE-2022-33309,2023-04,High
CVE-2022-40515,2023-04,High
CVE-2022-40527,2023-04,High
CVE-2022-40530,2023-04,High
CVE-2022-40531,2023-04,High
CVE-2022-40535,2023-04,High
CVE-2021-39617,2023-05,High
CVE-2022-20338,2023-05,High
CVE-2023-20993,2023-05,High
CVE-2023-21109,2023-05,High
CVE-2023-21117,2023-05,High
CVE-2023-20914,2023-05,High
CVE-2023-21104,2023-05,High
CVE-2023-20930,2023-05,High
CVE-2023-21110,2023-05,High
CVE-2022-20444,2023-05,High
CVE-2023-21107,2023-05,High
CVE-2023-21112,2023-05,High
CVE-2023-21118,2023-05,High
CVE-2023-21103,2023-05,High
CVE-2023-21111,2023-05,High
CVE-2023-21100,2023-05,High
CVE-2023-21116,2023-05,Moderate
CVE-2022-33231,2023-05,Critical
CVE-2022-33288,2023-05,Critical
CVE-2022-33289,2023-05,Critical
CVE-2022-33302,2023-05,Critical
CVE-2022-4696,2023-05,High
CVE-2023-20941,2023-05,High
CVE-2022-33917,2023-05,High
CVE-2022-36449,2023-05,High
CVE-2022-38181,2023-05,High
CVE-2022-41757,2023-05,High
CVE-2022-42716,2023-05,High
CVE-2021-0872,2023-05,High
CVE-2021-0873,2023-05,High
CVE-2021-0874,2023-05,High
CVE-2021-0875,2023-05,High
CVE-2021-0876,2023-05,High
CVE-2021-0878,2023-05,High
CVE-2021-0879,2023-05,High
CVE-2021-0880,2023-05,High
CVE-2021-0881,2023-05,High
CVE-2021-0882,2023-05,High
CVE-2021-0883,2023-05,High
CVE-2021-0884,2023-05,High
CVE-2021-0885,2023-05,High
CVE-2022-32599,2023-05,High
CVE-2023-20652,2023-05,High
CVE-2023-20653,2023-05,High
CVE-2023-20654,2023-05,High
CVE-2023-20655,2023-05,High
CVE-2023-20656,2023-05,High
CVE-2023-20657,2023-05,High
CVE-2022-47335,2023-05,High
CVE-2022-47338,2023-05,High
CVE-2022-47336,2023-05,High
CVE-2022-47337,2023-05,High
CVE-2022-40503,2023-05,High
CVE-2022-33269,2023-05,High
CVE-2022-33270,2023-05,High
CVE-2022-40532,2023-05,High
CVE-2023-21630,2023-05,High
CVE-2023-21127,2023-06,Critical
CVE-2023-21108,2023-06,Critical
CVE-2023-21130,2023-06,Critical
CVE-2023-21126,2023-06,High
CVE-2023-21128,2023-06,High
CVE-2023-21129,2023-06,High
CVE-2023-21131,2023-06,High
CVE-2023-21139,2023-06,High
CVE-2023-21105,2023-06,High
CVE-2023-21136,2023-06,High
CVE-2023-21137,2023-06,High
CVE-2023-21143,2023-06,High
CVE-2023-21115,2023-06,High
CVE-2023-21121,2023-06,High
CVE-2023-21122,2023-06,High
CVE-2023-21123,2023-06,High
CVE-2023-21124,2023-06,High
CVE-2023-21135,2023-06,High
CVE-2023-21138,2023-06,High
CVE-2023-21095,2023-06,High
CVE-2023-21141,2023-06,High
CVE-2023-21142,2023-06,High
CVE-2023-21144,2023-06,High
CVE-2023-21102,2023-06,High
CVE-2023-21106,2023-06,High
CVE-2022-46394,2023-06,High
CVE-2022-46395,2023-06,High
CVE-2022-46396,2023-06,High
CVE-2022-46891,2023-06,High
CVE-2023-26085,2023-06,High
CVE-2021-0877,2023-06,High
CVE-2023-20694,2023-06,High
CVE-2023-20695,2023-06,High
CVE-2023-20696,2023-06,High
CVE-2023-20699,2023-06,High
CVE-2023-20697,2023-06,High
CVE-2023-20698,2023-06,High
CVE-2023-20726,2023-06,High
CVE-2022-47469,2023-06,High
CVE-2022-47470,2023-06,High
CVE-2022-47486,2023-06,High
CVE-2022-47487,2023-06,High
CVE-2022-47488,2023-06,High
CVE-2023-21665,2023-06,High
CVE-2023-21666,2023-06,High
CVE-2022-25713,2023-06,High
CVE-2022-33273,2023-06,High
CVE-2022-33305,2023-06,High
CVE-2022-34144,2023-06,High
CVE-2022-40504,2023-06,High
CVE-2022-40508,2023-06,High
CVE-2023-21250,2023-07,Critical
CVE-2023-20918,2023-07,High
CVE-2023-20942,2023-07,High
CVE-2023-21145,2023-07,High
CVE-2023-21245,2023-07,High
CVE-2023-21251,2023-07,High
CVE-2023-21254,2023-07,High
CVE-2023-21257,2023-07,High
CVE-2023-21262,2023-07,High
CVE-2023-21238,2023-07,High
CVE-2023-21239,2023-07,High
CVE-2023-21249,2023-07,High
CVE-2023-21087,2023-07,High
CVE-2023-2136,2023-07,High
CVE-2023-21241,2023-07,High
CVE-2023-21246,2023-07,High
CVE-2023-21247,2023-07,High
CVE-2023-21248,2023-07,High
CVE-2023-21256,2023-07,High
CVE-2023-21261,2023-07,High
CVE-2023-20910,2023-07,High
CVE-2023-21240,2023-07,High
CVE-2023-21243,2023-07,High
CVE-2022-33257,2023-07,Critical
CVE-2022-4052,2023-07,Critical
CVE-2022-22706,2023-07,High
CVE-2022-28349,2023-07,High
CVE-2022-46781,2023-07,High
CVE-2021-0701,2023-07,High
CVE-2021-0945,2023-07,High
CVE-2022-48390,2023-07,High
CVE-2022-48392,2023-07,High
CVE-2022-48438,2023-07,High
CVE-2022-48391,2023-07,High
CVE-2023-21101,2023-07,High
CVE-2023-21120,2023-07,High
CVE-2022-33292,2023-07,High
CVE-2023-21656,2023-07,High
CVE-2023-21657,2023-07,High
CVE-2023-21669,2023-07,High
CVE-2023-21670,2023-07,High
CVE-2022-22060,2023-07,High
CVE-2022-33251,2023-07,High
CVE-2022-33264,2023-07,High
CVE-2022-40516,2023-07,High
CVE-2022-40517,2023-07,High
CVE-2022-40520,2023-07,High
CVE-2022-40521,2023-07,High
CVE-2022-40523,2023-07,High
CVE-2022-40533,2023-07,High
CVE-2022-40536,2023-07,High
CVE-2022-40538,2023-07,High
CVE-2023-21628,2023-07,High
CVE-2023-21658,2023-07,High
CVE-2023-21659,2023-07,High
CVE-2023-21661,2023-07,High
CVE-2023-21282,2023-08,Critical
CVE-2023-21273,2023-08,Critical
CVE-2023-21265,2023-08,High
CVE-2023-21287,2023-08,High
CVE-2023-21269,2023-08,High
CVE-2023-21270,2023-08,High
CVE-2023-21272,2023-08,High
CVE-2023-21278,2023-08,High
CVE-2023-21281,2023-08,High
CVE-2023-21286,2023-08,High
CVE-2023-21267,2023-08,High
CVE-2023-21276,2023-08,High
CVE-2023-21277,2023-08,High
CVE-2023-21279,2023-08,High
CVE-2023-21283,2023-08,High
CVE-2023-21288,2023-08,High
CVE-2023-21289,2023-08,High
CVE-2023-21292,2023-08,High
CVE-2023-21280,2023-08,High
CVE-2023-21284,2023-08,High
CVE-2023-20965,2023-08,High
CVE-2023-21132,2023-08,High
CVE-2023-21133,2023-08,High
CVE-2023-21134,2023-08,High
CVE-2023-21140,2023-08,High
CVE-2023-21242,2023-08,High
CVE-2023-21275,2023-08,High
CVE-2023-21271,2023-08,High
CVE-2023-21274,2023-08,High
CVE-2023-21285,2023-08,High
CVE-2023-21268,2023-08,High
CVE-2023-21290,2023-08,High
CVE-2023-21629,2023-08,Critical
CVE-2022-42703,2023-08,High
CVE-2023-21255,2023-08,High
CVE-2023-25012,2023-08,High
CVE-2021-29256,2023-08,High
CVE-2022-28350,2023-08,High
CVE-2023-28147,2023-08,High
CVE-2021-0948,2023-08,High
CVE-2023-20754,2023-08,High
CVE-2023-20755,2023-08,High
CVE-2023-21672,2023-08,High
CVE-2023-22386,2023-08,High
CVE-2023-22387,2023-08,High
CVE-2023-24851,2023-08,High
CVE-2023-24854,2023-08,High
CVE-2023-28541,2023-08,High
CVE-2023-28542,2023-08,High
CVE-2023-21631,2023-08,High
CVE-2023-22667,2023-08,High
CVE-2023-26083,2023-08,Moderate
CVE-2023-35658,2023-09,Critical
CVE-2023-35673,2023-09,Critical
CVE-2023-35681,2023-09,Critical
CVE-2023-35669,2023-09,High
CVE-2023-35674,2023-09,High
CVE-2023-35676,2023-09,High
CVE-2023-35687,2023-09,High
CVE-2023-35675,2023-09,High
CVE-2023-35679,2023-09,High
CVE-2023-35665,2023-09,High
CVE-2023-35666,2023-09,High
CVE-2023-35667,2023-09,High
CVE-2023-35670,2023-09,High
CVE-2023-35682,2023-09,High
CVE-2023-35684,2023-09,High
CVE-2023-35664,2023-09,High
CVE-2023-35671,2023-09,High
CVE-2023-35680,2023-09,High
CVE-2023-35683,2023-09,High
CVE-2023-35677,2023-09,High
CVE-2023-21135,2023-09,High
CVE-2023-21118,2023-09,High
CVE-2023-21264,2023-09,Critical
CVE-2022-40510,2023-09,Critical
CVE-2020-29374,2023-09,High
CVE-2022-34830,2023-09,High
CVE-2023-20780,2023-09,High
CVE-2023-21626,2023-09,High
CVE-2023-22666,2023-09,High
CVE-2023-28537,2023-09,High
CVE-2023-28555,2023-09,High
CVE-2023-40129,2023-10,Critical
CVE-2023-21266,2023-10,High
CVE-2023-40116,2023-10,High
CVE-2023-40120,2023-10,High
CVE-2023-40131,2023-10,High
CVE-2023-40140,2023-10,High
CVE-2023-21291,2023-10,High
CVE-2023-40121,2023-10,High
CVE-2023-40134,2023-10,High
CVE-2023-40136,2023-10,High
CVE-2023-40137,2023-10,High
CVE-2023-40138,2023-10,High
CVE-2023-40139,2023-10,High
CVE-2023-21244,2023-10,High
CVE-2023-40117,2023-10,High
CVE-2023-40125,2023-10,High
CVE-2023-40128,2023-10,High
CVE-2023-40123,2023-10,High
CVE-2023-40127,2023-10,High
CVE-2023-40133,2023-10,High
CVE-2023-40135,2023-10,High
CVE-2023-21252,2023-10,High
CVE-2023-21253,2023-10,High
CVE-2023-28581,2023-10,Critical
CVE-2023-28584,2023-10,High
CVE-2023-33019,2023-10,High
CVE-2023-33021,2023-10,High
CVE-2022-40534,2023-10,High
CVE-2023-21646,2023-10,High
CVE-2023-21653,2023-10,High
CVE-2023-28538,2023-10,High
CVE-2023-28549,2023-10,High
CVE-2023-28573,2023-10,High
CVE-2023-33015,2023-10,High
CVE-2023-33016,2023-10,High
CVE-2023-40113,2023-11,Critical
CVE-2023-40106,2023-11,High
CVE-2023-40107,2023-11,High
CVE-2023-40109,2023-11,High
CVE-2023-40110,2023-11,High
CVE-2023-40111,2023-11,High
CVE-2023-40114,2023-11,High
CVE-2023-40105,2023-11,High
CVE-2023-40124,2023-11,High
CVE-2023-40100,2023-11,High
CVE-2023-40115,2023-11,High
CVE-2023-40104,2023-11,High
CVE-2023-40112,2023-11,High
CVE-2023-21103,2023-11,High
CVE-2023-21111,2023-11,High
CVE-2023-24855,2023-11,Critical
CVE-2023-28540,2023-11,Critical
CVE-2023-33028,2023-11,Critical
CVE-2021-44828,2023-11,High
CVE-2022-28348,2023-11,High
CVE-2023-4211,2023-11,High
CVE-2023-33200,2023-11,High
CVE-2023-34970,2023-11,High
CVE-2023-20819,2023-11,High
CVE-2023-32819,2023-11,High
CVE-2023-32820,2023-11,High
CVE-2023-40638,2023-11,High
CVE-2023-33029,2023-11,High
CVE-2023-33034,2023-11,High
CVE-2023-33035,2023-11,High
CVE-2023-21673,2023-11,High
CVE-2023-22385,2023-11,High
CVE-2023-24843,2023-11,High
CVE-2023-24844,2023-11,High
CVE-2023-24847,2023-11,High
CVE-2023-24848,2023-11,High
CVE-2023-24849,2023-11,High
CVE-2023-24850,2023-11,High
CVE-2023-24853,2023-11,High
CVE-2023-33026,2023-11,High
CVE-2023-33027,2023-11,High
CVE-2020-29374,2023-11,High
CVE-2023-40077,2023-12,Critical
CVE-2023-40076,2023-12,Critical
CVE-2023-40088,2023-12,Critical
CVE-2023-40079,2023-12,High
CVE-2023-40089,2023-12,High
CVE-2023-40091,2023-12,High
CVE-2023-40094,2023-12,High
CVE-2023-40095,2023-12,High
CVE-2023-40096,2023-12,High
CVE-2023-40103,2023-12,High
CVE-2023-45774,2023-12,High
CVE-2023-45777,2023-12,High
CVE-2023-21267,2023-12,High
CVE-2023-40073,2023-12,High
CVE-2023-40081,2023-12,High
CVE-2023-40092,2023-12,High
CVE-2023-40074,2023-12,High
CVE-2023-40075,2023-12,High
CVE-2023-40078,2023-12,High
CVE-2023-40080,2023-12,High
CVE-2023-40082,2023-12,High
CVE-2023-40084,2023-12,High
CVE-2023-40087,2023-12,High
CVE-2023-40090,2023-12,High
CVE-2023-40097,2023-12,High
CVE-2023-45773,2023-12,High
CVE-2023-45775,2023-12,High
CVE-2023-45776,2023-12,High
CVE-2023-21394,2023-12,High
CVE-2023-35668,2023-12,High
CVE-2023-40083,2023-12,High
CVE-2023-40098,2023-12,High
CVE-2023-45781,2023-12,High
CVE-2023-21671,2023-12,Critical
CVE-2023-22388,2023-12,Critical
CVE-2023-28574,2023-12,Critical
CVE-2023-33045,2023-12,Critical
CVE-2023-28469,2023-12,High
CVE-2023-32832,2023-12,High
CVE-2023-32834,2023-12,High
CVE-2023-32835,2023-12,High
CVE-2023-32836,2023-12,High
CVE-2023-32837,2023-12,High
CVE-2023-20702,2023-12,High
CVE-2023-33031,2023-12,High
CVE-2023-33055,2023-12,High
CVE-2023-33059,2023-12,High
CVE-2023-33074,2023-12,High
CVE-2023-24852,2023-12,High
CVE-2023-28545,2023-12,High
CVE-2023-28556,2023-12,High
CVE-2023-33047,2023-12,High
CVE-2023-33048,2023-12,High
CVE-2023-33056,2023-12,High
CVE-2023-33061,2023-12,High
CVE-2023-4863,2024-01,Critical
CVE-2023-21245,2024-01,High
CVE-2024-0015,2024-01,High
CVE-2024-0018,2024-01,High
CVE-2024-0023,2024-01,High
CVE-2024-0019,2024-01,High
CVE-2024-0021,2024-01,High
CVE-2023-40085,2024-01,High
CVE-2024-0016,2024-01,High
CVE-2024-0017,2024-01,High
CVE-2024-0020,2024-01,High
CVE-2023-21266,2024-01,High
CVE-2023-40120,2024-01,High
CVE-2023-35671,2024-01,High
CVE-2023-45866,2024-01,Critical
CVE-2022-40507,2024-01,Critical
CVE-2023-3889,2024-01,High
CVE-2023-4272,2024-01,High
CVE-2023-32804,2024-01,High
CVE-2023-21162,2024-01,High
CVE-2023-21163,2024-01,High
CVE-2023-21164,2024-01,High
CVE-2023-21166,2024-01,High
CVE-2023-21215,2024-01,High
CVE-2023-21216,2024-01,High
CVE-2023-21217,2024-01,High
CVE-2023-21218,2024-01,High
CVE-2023-21228,2024-01,High
CVE-2023-21263,2024-01,High
CVE-2023-21401,2024-01,High
CVE-2023-21402,2024-01,High
CVE-2023-21403,2024-01,High
CVE-2023-35690,2024-01,High
CVE-2023-21227,2024-01,High
CVE-2023-32818,2024-01,High
CVE-2023-32847,2024-01,High
CVE-2023-32848,2024-01,High
CVE-2023-32850,2024-01,High
CVE-2023-32851,2024-01,High
CVE-2023-45779,2024-01,High
CVE-2022-48456,2024-01,High
CVE-2022-48461,2024-01,High
CVE-2022-48454,2024-01,High
CVE-2022-48455,2024-01,High
CVE-2022-48457,2024-01,High
CVE-2022-48458,2024-01,High
CVE-2022-48459,2024-01,High
CVE-2023-28588,2024-01,High
CVE-2023-33053,2024-01,High
CVE-2023-33063,2024-01,High
CVE-2023-33079,2024-01,High
CVE-2023-33087,2024-01,High
CVE-2023-33092,2024-01,High
CVE-2023-33106,2024-01,High
CVE-2023-33107,2024-01,High
CVE-2022-22076,2024-01,High
CVE-2023-21652,2024-01,High
CVE-2023-21662,2024-01,High
CVE-2023-21664,2024-01,High
CVE-2023-28546,2024-01,High
CVE-2023-28550,2024-01,High
CVE-2023-28551,2024-01,High
CVE-2023-28585,2024-01,High
CVE-2023-28586,2024-01,High
CVE-2023-28587,2024-01,High
CVE-2023-33017,2024-01,High
CVE-2023-33018,2024-01,High
CVE-2023-33022,2024-01,High
CVE-2023-33054,2024-01,High
CVE-2023-33080,2024-01,High
CVE-2023-33081,2024-01,High
CVE-2023-33088,2024-01,High
CVE-2023-33089,2024-01,High
CVE-2023-33097,2024-01,High
CVE-2023-33098,2024-01,High
CVE-2024-0031,2024-02,Critical
CVE-2024-0029,2024-02,High
CVE-2024-0032,2024-02,High
CVE-2024-0034,2024-02,High
CVE-2024-0036,2024-02,High
CVE-2024-0038,2024-02,High
CVE-2024-0041,2024-02,High
CVE-2023-40122,2024-02,High
CVE-2024-0040,2024-02,High
CVE-2024-0014,2024-02,High
CVE-2024-0033,2024-02,High
CVE-2024-0035,2024-02,High
CVE-2023-40093,2024-02,High
CVE-2024-0030,2024-02,High
CVE-2023-21651,2024-02,Critical
CVE-2023-33025,2024-02,Critical
CVE-2023-33036,2024-02,Critical
CVE-2023-4295,2024-02,High
CVE-2023-5427,2024-02,High
CVE-2023-21165,2024-02,High
CVE-2023-32874,2024-02,High
CVE-2023-32872,2024-02,High
CVE-2023-48340,2024-02,High
CVE-2023-48341,2024-02,High
CVE-2023-48342,2024-02,High
CVE-2023-48343,2024-02,High
CVE-2023-48344,2024-02,High
CVE-2023-48348,2024-02,High
CVE-2023-48349,2024-02,High
CVE-2023-48350,2024-02,High
CVE-2023-48351,2024-02,High
CVE-2023-48352,2024-02,High
CVE-2023-33094,2024-02,High
CVE-2023-33108,2024-02,High
CVE-2023-33110,2024-02,High
CVE-2023-33113,2024-02,High
CVE-2023-33114,2024-02,High
CVE-2023-33117,2024-02,High
CVE-2023-33120,2024-02,High
CVE-2023-43514,2024-02,High
CVE-2022-33275,2024-02,High
CVE-2023-28544,2024-02,High
CVE-2023-28548,2024-02,High
CVE-2023-28557,2024-02,High
CVE-2023-28558,2024-02,High
CVE-2023-28559,2024-02,High
CVE-2023-28560,2024-02,High
CVE-2023-28564,2024-02,High
CVE-2023-28565,2024-02,High
CVE-2023-28567,2024-02,High
CVE-2023-33014,2024-02,High
CVE-2023-33030,2024-02,High
CVE-2023-33032,2024-02,High
CVE-2023-33033,2024-02,High
CVE-2023-33037,2024-02,High
CVE-2023-33040,2024-02,High
CVE-2023-33043,2024-02,High
CVE-2023-33044,2024-02,High
CVE-2023-33062,2024-02,High
CVE-2023-33109,2024-02,High
CVE-2023-33112,2024-02,High
CVE-2023-43511,2024-02,High
CVE-2024-0039,2024-03,Critical
CVE-2024-23717,2024-03,Critical
CVE-2024-0046,2024-03,High
CVE-2024-0048,2024-03,High
CVE-2024-0049,2024-03,High
CVE-2024-0050,2024-03,High
CVE-2024-0051,2024-03,High
CVE-2024-0053,2024-03,High
CVE-2024-0047,2024-03,High
CVE-2023-40081,2024-03,High
CVE-2024-0045,2024-03,High
CVE-2024-0052,2024-03,High
CVE-2023-21135,2024-03,High
CVE-2023-5091,2024-03,High
CVE-2023-5249,2024-03,High
CVE-2023-5643,2024-03,High
CVE-2024-20011,2024-03,High
CVE-2024-20006,2024-03,High
CVE-2024-20007,2024-03,High
CVE-2024-20009,2024-03,High
CVE-2024-20010,2024-03,High
CVE-2023-32841,2024-03,High
CVE-2023-32842,2024-03,High
CVE-2023-32843,2024-03,High
CVE-2024-20003,2024-03,High
CVE-2023-49667,2024-03,High
CVE-2023-49668,2024-03,High
CVE-2023-43513,2024-03,High
CVE-2023-43516,2024-03,High
CVE-2023-43520,2024-03,High
CVE-2023-43534,2024-03,High
CVE-2023-33046,2024-03,High
CVE-2023-33049,2024-03,High
CVE-2023-33057,2024-03,High
CVE-2023-33058,2024-03,High
CVE-2023-33060,2024-03,High
CVE-2023-33072,2024-03,High
CVE-2023-33076,2024-03,High
CVE-2023-43518,2024-03,High
CVE-2023-43519,2024-03,High
CVE-2023-43522,2024-03,High
CVE-2023-43523,2024-03,High
CVE-2023-43533,2024-03,High
CVE-2023-43536,2024-03,High
CVE-2024-23710,2024-04,High
CVE-2024-23713,2024-04,High
CVE-2024-0022,2024-04,High
CVE-2024-23712,2024-04,High
CVE-2024-23704,2024-04,High
CVE-2023-21267,2024-04,High
CVE-2024-0026,2024-04,High
CVE-2024-0027,2024-04,High
CVE-2023-52160,2024-04,High
CVE-2023-28578,2024-04,Critical
CVE-2023-48424,2024-04,High
CVE-2023-48425,2024-04,High
CVE-2023-6143,2024-04,High
CVE-2023-6241,2024-04,High
CVE-2024-20005,2024-04,High
CVE-2024-20022,2024-04,High
CVE-2024-20023,2024-04,High
CVE-2024-20024,2024-04,High
CVE-2024-20025,2024-04,High
CVE-2024-20027,2024-04,High
CVE-2024-20028,2024-04,High
CVE-2024-20020,2024-04,High
CVE-2024-20026,2024-04,High
CVE-2023-43546,2024-04,High
CVE-2023-43547,2024-04,High
CVE-2023-43550,2024-04,High
CVE-2023-43552,2024-04,High
CVE-2023-43553,2024-04,High
CVE-2023-33042,2024-04,High
CVE-2023-33066,2024-04,High
CVE-2023-33105,2024-04,High
CVE-2023-43539,2024-04,High
CVE-2023-43548,2024-04,High
CVE-2023-43549,2024-04,High
CVE-2024-23706,2024-05,Critical
CVE-2023-40132,2024-05,High
CVE-2024-0024,2024-05,High
CVE-2024-0025,2024-05,High
CVE-2024-23705,2024-05,High
CVE-2024-23708,2024-05,High
CVE-2023-40108,2024-05,High
CVE-2024-0043,2024-05,High
CVE-2024-23707,2024-05,High
CVE-2024-23709,2024-05,High
CVE-2023-52160,2024-05,Low
CVE-2023-28582,2024-05,Critical
CVE-2024-20039,2024-05,High
CVE-2024-20040,2024-05,High
CVE-2023-32890,2024-05,High
CVE-2024-0042,2024-05,High
CVE-2024-21468,2024-05,High
CVE-2024-21472,2024-05,High
CVE-2023-28547,2024-05,High
CVE-2023-33023,2024-05,High
CVE-2023-33084,2024-05,High
CVE-2023-33086,2024-05,High
CVE-2023-33095,2024-05,High
CVE-2023-33096,2024-05,High
CVE-2023-33099,2024-05,High
CVE-2023-33100,2024-05,High
CVE-2023-33101,2024-05,High
CVE-2023-33103,2024-05,High
CVE-2023-33104,2024-05,High
CVE-2023-33115,2024-05,High
CVE-2024-21463,2024-05,High
CVE-2023-21266,2024-06,High
CVE-2024-31310,2024-06,High
CVE-2024-31316,2024-06,High
CVE-2024-31317,2024-06,High
CVE-2024-31318,2024-06,High
CVE-2024-31319,2024-06,High
CVE-2024-31322,2024-06,High
CVE-2024-31324,2024-06,High
CVE-2024-31325,2024-06,High
CVE-2024-31326,2024-06,High
CVE-2024-31312,2024-06,High
CVE-2024-31314,2024-06,High
CVE-2024-31311,2024-06,High
CVE-2024-31313,2024-06,High
CVE-2024-31315,2024-06,High
CVE-2024-31323,2024-06,High
CVE-2024-31327,2024-06,High
CVE-2023-4622,2024-06,High
CVE-2023-6363,2024-06,High
CVE-2024-1067,2024-06,High
CVE-2024-1395,2024-06,High
CVE-2023-32871,2024-06,High
CVE-2023-32873,2024-06,High
CVE-2024-20056,2024-06,High
CVE-2024-20057,2024-06,High
CVE-2024-21471,2024-06,High
CVE-2024-21475,2024-06,High
CVE-2024-23351,2024-06,High
CVE-2024-23354,2024-06,High
CVE-2023-33119,2024-06,High
CVE-2023-43529,2024-06,High
CVE-2023-43530,2024-06,High
CVE-2023-43531,2024-06,High
CVE-2024-21477,2024-06,High
CVE-2024-21480,2024-06,High
CVE-2024-31320,2024-07,Critical
CVE-2024-31331,2024-07,High
CVE-2024-34720,2024-07,High
CVE-2024-34723,2024-07,High
CVE-2024-31332,2024-07,High
CVE-2024-31339,2024-07,High
CVE-2024-34721,2024-07,High
CVE-2023-21113,2024-07,High
CVE-2023-21114,2024-07,High
CVE-2023-43538,2024-07,Critical
CVE-2023-43551,2024-07,Critical
CVE-2023-43556,2024-07,Critical
CVE-2024-26926,2024-07,High
CVE-2024-0671,2024-07,High
CVE-2024-1065,2024-07,High
CVE-2024-23695,2024-07,High
CVE-2024-23696,2024-07,High
CVE-2024-23697,2024-07,High
CVE-2024-23698,2024-07,High
CVE-2024-23711,2024-07,High
CVE-2024-20065,2024-07,High
CVE-2024-20069,2024-07,High
CVE-2024-20066,2024-07,High
CVE-2024-20067,2024-07,High
CVE-2024-20068,2024-07,High
CVE-2023-43542,2024-07,High
CVE-2024-23363,2024-07,High
CVE-2023-20971,2024-08,High
CVE-2023-21351,2024-08,High
CVE-2024-34731,2024-08,High
CVE-2024-34734,2024-08,High
CVE-2024-34735,2024-08,High
CVE-2024-34737,2024-08,High
CVE-2024-34738,2024-08,High
CVE-2024-34740,2024-08,High
CVE-2024-34741,2024-08,High
CVE-2024-34743,2024-08,High
CVE-2024-34736,2024-08,High
CVE-2024-34742,2024-08,High
CVE-2024-34727,2024-08,High
CVE-2024-21461,2024-08,Critical
CVE-2024-26923,2024-08,High
CVE-2024-0153,2024-08,High
CVE-2024-4610,2024-08,High
CVE-2024-31334,2024-08,High
CVE-2024-31335,2024-08,High
CVE-2024-34724,2024-08,High
CVE-2024-34725,2024-08,High
CVE-2024-34726,2024-08,High
CVE-2024-20076,2024-08,High
CVE-2024-20077,2024-08,High
CVE-2024-23368,2024-08,High
CVE-2024-23372,2024-08,High
CVE-2024-23373,2024-08,High
CVE-2024-23380,2024-08,High
CVE-2024-21460,2024-08,High
CVE-2024-21462,2024-08,High
CVE-2024-21465,2024-08,High
CVE-2024-21469,2024-08,High
CVE-2024-32896,2024-09,High
CVE-2024-40658,2024-09,High
CVE-2024-40662,2024-09,High
CVE-2024-40650,2024-09,High
CVE-2024-40652,2024-09,High
CVE-2024-40654,2024-09,High
CVE-2024-40655,2024-09,High
CVE-2024-40657,2024-09,High
CVE-2024-40656,2024-09,High
CVE-2024-40659,2024-09,High
CVE-2024-23350,2024-09,Critical
CVE-2024-36971,2024-09,High
CVE-2024-2937,2024-09,High
CVE-2024-4607,2024-09,High
CVE-2024-31333,2024-09,High
CVE-2024-20082,2024-09,High
CVE-2024-21478,2024-09,High
CVE-2024-23381,2024-09,High
CVE-2024-23382,2024-09,High
CVE-2024-23383,2024-09,High
CVE-2024-23384,2024-09,High
CVE-2024-33010,2024-09,High
CVE-2024-33011,2024-09,High
CVE-2024-33012,2024-09,High
CVE-2024-33013,2024-09,High
CVE-2024-33014,2024-09,High
CVE-2024-33015,2024-09,High
CVE-2024-33018,2024-09,High
CVE-2024-33019,2024-09,High
CVE-2024-33020,2024-09,High
CVE-2024-33023,2024-09,High
CVE-2024-33024,2024-09,High
CVE-2024-33025,2024-09,High
CVE-2024-33026,2024-09,High
CVE-2024-33027,2024-09,High
CVE-2024-33028,2024-09,High
CVE-2024-21481,2024-09,High
CVE-2024-23352,2024-09,High
CVE-2024-23353,2024-09,High
CVE-2024-23355,2024-09,High
CVE-2024-23356,2024-09,High
CVE-2024-23357,2024-09,High
CVE-2024-0044,2024-10,High
CVE-2024-40676,2024-10,High
CVE-2024-40675,2024-10,High
CVE-2024-40673,2024-10,High
CVE-2024-40672,2024-10,High
CVE-2024-40677,2024-10,High
CVE-2024-40674,2024-10,High
CVE-2024-33042,2024-10,Critical
CVE-2024-33052,2024-10,Critical
CVE-2024-36972,2024-10,High
CVE-2024-3655,2024-10,High
CVE-2024-23716,2024-10,High
CVE-2024-31336,2024-10,High
CVE-2024-39431,2024-10,High
CVE-2024-39432,2024-10,High
CVE-2024-33034,2024-10,High
CVE-2024-33035,2024-10,High
CVE-2024-33038,2024-10,High
CVE-2024-33043,2024-10,High
CVE-2024-33045,2024-10,High
CVE-2024-33048,2024-10,High
CVE-2024-33050,2024-10,High
CVE-2024-33054,2024-10,High
CVE-2024-33057,2024-10,High
CVE-2024-33060,2024-10,High
CVE-2024-23358,2024-10,High
CVE-2024-23359,2024-10,High
CVE-2024-23362,2024-10,High
CVE-2024-23364,2024-10,High
CVE-2024-23365,2024-10,High
CVE-2024-33016,2024-10,High
CVE-2024-33051,2024-10,High
CVE-2024-40660,2024-11,High
CVE-2024-43081,2024-11,High
CVE-2024-43085,2024-11,High
CVE-2024-43093,2024-11,High
CVE-2024-43082,2024-11,High
CVE-2024-43084,2024-11,High
CVE-2024-43086,2024-11,High
CVE-2024-43091,2024-11,High
CVE-2024-29779,2024-11,High
CVE-2024-34719,2024-11,High
CVE-2024-40661,2024-11,High
CVE-2024-43080,2024-11,High
CVE-2024-43087,2024-11,High
CVE-2024-43088,2024-11,High
CVE-2024-43089,2024-11,High
CVE-2024-43090,2024-11,High
CVE-2024-43083,2024-11,High
CVE-2024-34732,2024-11,High
CVE-2024-34733,2024-11,High
CVE-2024-34748,2024-11,High
CVE-2024-40649,2024-11,High
CVE-2024-40651,2024-11,High
CVE-2024-40669,2024-11,High
CVE-2024-40670,2024-11,High
CVE-2024-20100,2024-11,High
CVE-2024-20101,2024-11,High
CVE-2024-20103,2024-11,High
CVE-2024-20090,2024-11,High
CVE-2024-20092,2024-11,High
CVE-2024-20091,2024-11,High
CVE-2024-20093,2024-11,High
CVE-2024-20094,2024-11,High
CVE-2024-33049,2024-11,High
CVE-2024-33069,2024-11,High
CVE-2024-38399,2024-11,High
CVE-2024-23369,2024-11,High
CVE-2024-43762,2024-12,High
CVE-2024-43769,2024-12,High
CVE-2024-43767,2024-12,High
CVE-2024-43097,2024-12,High
CVE-2024-43768,2024-12,High
CVE-2024-38408,2024-12,Critical
CVE-2024-36978,2024-12,High
CVE-2024-46740,2024-12,High
CVE-2024-34747,2024-12,High
CVE-2024-40671,2024-12,High
CVE-2023-35659,2024-12,High
CVE-2023-35686,2024-12,High
CVE-2024-23715,2024-12,High
CVE-2024-31337,2024-12,High
CVE-2024-34729,2024-12,High
CVE-2024-20104,2024-12,High
CVE-2024-20106,2024-12,High
CVE-2024-21455,2024-12,High
CVE-2024-38402,2024-12,High
CVE-2024-38405,2024-12,High
CVE-2024-38415,2024-12,High
CVE-2024-38421,2024-12,High
CVE-2024-38422,2024-12,High
CVE-2024-38423,2024-12,High
CVE-2024-43047,2024-12,High
CVE-2024-23385,2024-12,High
CVE-2024-38403,2024-12,High
CVE-2024-38424,2024-12,High
CVE-2024-43096,2025-01,Critical
CVE-2024-43770,2025-01,Critical
CVE-2024-43771,2025-01,Critical
CVE-2024-49747,2025-01,Critical
CVE-2024-49748,2025-01,Critical
CVE-2024-49724,2025-01,High
CVE-2024-49732,2025-01,High
CVE-2024-49735,2025-01,High
CVE-2024-49737,2025-01,High
CVE-2024-49738,2025-01,High
CVE-2024-49744,2025-01,High
CVE-2024-49745,2025-01,High
CVE-2023-40108,2025-01,High
CVE-2024-49733,2025-01,High
CVE-2023-40132,2025-01,High
CVE-2024-49749,2025-01,High
CVE-2024-34722,2025-01,High
CVE-2024-34730,2025-01,High
CVE-2024-43095,2025-01,High
CVE-2024-43765,2025-01,High
CVE-2024-49742,2025-01,High
CVE-2024-49734,2025-01,High
CVE-2024-43763,2025-01,High
CVE-2024-49736,2025-01,High
CVE-2024-43077,2025-01,High
CVE-2024-43701,2025-01,High
CVE-2024-20125,2025-01,High
CVE-2024-33063,2025-01,High
CVE-2024-33044,2025-01,High
CVE-2024-33056,2025-01,High
CVE-2024-43048,2025-01,High
CVE-2024-43052,2025-01,High
CVE-2024-49721,2025-02,High
CVE-2024-49743,2025-02,High
CVE-2024-49746,2025-02,High
CVE-2025-0097,2025-02,High
CVE-2025-0098,2025-02,High
CVE-2025-0099,2025-02,High
CVE-2023-40122,2025-02,High
CVE-2023-40133,2025-02,High
CVE-2023-40134,2025-02,High
CVE-2023-40135,2025-02,High
CVE-2023-40136,2025-02,High
CVE-2023-40137,2025-02,High
CVE-2023-40138,2025-02,High
CVE-2023-40139,2025-02,High
CVE-2024-0037,2025-02,High
CVE-2025-0100,2025-02,High
CVE-2024-49741,2025-02,High
CVE-2025-0094,2025-02,High
CVE-2023-24023,2025-02,High
CVE-2025-0091,2025-02,High
CVE-2025-0095,2025-02,High
CVE-2025-0096,2025-02,High
CVE-2024-49723,2025-02,High
CVE-2024-49729,2025-02,High
CVE-2024-20154,2025-02,Critical
CVE-2024-43704,2025-02,High
CVE-2024-20146,2025-02,High
CVE-2024-20148,2025-02,High
CVE-2024-20105,2025-02,High
CVE-2024-20140,2025-02,High
CVE-2024-20143,2025-02,High
CVE-2024-20144,2025-02,High
CVE-2024-20145,2025-02,High
CVE-2024-21464,2025-02,High
CVE-2024-45553,2025-02,High
CVE-2024-45558,2025-02,High
CVE-2025-0074,2025-03,Critical
CVE-2025-0075,2025-03,Critical
CVE-2025-0084,2025-03,Critical
CVE-2025-22403,2025-03,Critical
CVE-2025-22408,2025-03,Critical
CVE-2025-22410,2025-03,Critical
CVE-2025-22411,2025-03,Critical
CVE-2025-22412,2025-03,Critical
CVE-2025-22409,2025-03,Critical
CVE-2025-0081,2025-03,Critical
CVE-2024-0032,2025-03,High
CVE-2024-43093,2025-03,High
CVE-2025-0078,2025-03,High
CVE-2025-0080,2025-03,High
CVE-2024-43090,2025-03,High
CVE-2025-0083,2025-03,High
CVE-2025-0086,2025-03,High
CVE-2024-49740,2025-03,High
CVE-2023-21125,2025-03,High
CVE-2025-0079,2025-03,High
CVE-2025-22404,2025-03,High
CVE-2025-22405,2025-03,High
CVE-2025-22406,2025-03,High
CVE-2024-49728,2025-03,High
CVE-2025-0082,2025-03,High
CVE-2025-0092,2025-03,High
CVE-2025-0093,2025-03,High
CVE-2025-22407,2025-03,High
CVE-2025-26417,2025-03,High
CVE-2024-45569,2025-03,Critical
CVE-2024-53104,2025-03,High
CVE-2025-0088,2025-03,High
CVE-2025-0015,2025-03,High
CVE-2024-43705,2025-03,High
CVE-2024-46973,2025-03,High
CVE-2024-47892,2025-03,High
CVE-2024-52935,2025-03,High
CVE-2025-20634,2025-03,High
CVE-2024-20141,2025-03,High
CVE-2024-20142,2025-03,High
CVE-2025-20635,2025-03,High
CVE-2025-20636,2025-03,High
CVE-2024-39441,2025-03,High
CVE-2024-45571,2025-03,High
CVE-2024-45582,2025-03,High
CVE-2024-49832,2025-03,High
CVE-2024-49833,2025-03,High
CVE-2024-49834,2025-03,High
CVE-2024-49839,2025-03,High
CVE-2024-49843,2025-03,High
CVE-2024-38404,2025-03,High
CVE-2024-38420,2025-03,High
CVE-2025-22429,2025-04,Critical
CVE-2025-26416,2025-04,Critical
CVE-2025-22423,2025-04,Critical
CVE-2025-22416,2025-04,High
CVE-2025-22417,2025-04,High
CVE-2025-22422,2025-04,High
CVE-2025-22434,2025-04,High
CVE-2025-22437,2025-04,High
CVE-2025-22438,2025-04,High
CVE-2025-22442,2025-04,High
CVE-2024-49722,2025-04,High
CVE-2025-22421,2025-04,High
CVE-2025-22430,2025-04,High
CVE-2025-22431,2025-04,High
CVE-2024-40653,2025-04,High
CVE-2024-49720,2025-04,High
CVE-2024-49730,2025-04,High
CVE-2025-22418,2025-04,High
CVE-2025-22419,2025-04,High
CVE-2025-22427,2025-04,High
CVE-2025-22428,2025-04,High
CVE-2025-22432,2025-04,High
CVE-2025-22433,2025-04,High
CVE-2025-22435,2025-04,High
CVE-2025-22439,2025-04,High
CVE-2024-46852,2025-04,High
CVE-2024-50302,2025-04,High
CVE-2025-22413,2025-04,High
CVE-2025-20645,2025-04,High
CVE-2025-20644,2025-04,High
CVE-2024-49836,2025-04,High
CVE-2024-49838,2025-04,High
CVE-2024-53014,2025-04,High
CVE-2024-53024,2025-04,High
CVE-2024-53027,2025-04,High
CVE-2024-43051,2025-04,High
CVE-2024-53011,2025-04,High
CVE-2024-53025,2025-04,High
CVE-2023-21342,2025-05,High
CVE-2024-34739,2025-05,High
CVE-2025-0077,2025-05,High
CVE-2025-0087,2025-05,High
CVE-2025-22425,2025-05,High
CVE-2025-26422,2025-05,High
CVE-2025-26426,2025-05,High
CVE-2025-26427,2025-05,High
CVE-2025-26428,2025-05,High
CVE-2025-26436,2025-05,High
CVE-2025-26440,2025-05,High
CVE-2025-26444,2025-05,High
CVE-2025-26424,2025-05,High
CVE-2025-26442,2025-05,High
CVE-2025-26429,2025-05,High
CVE-2025-27363,2025-05,High
CVE-2025-26420,2025-05,High
CVE-2025-26421,2025-05,High
CVE-2025-26423,2025-05,High
CVE-2025-26425,2025-05,High
CVE-2025-26430,2025-05,High
CVE-2025-26435,2025-05,High
CVE-2025-26438,2025-05,High
CVE-2023-35657,2025-05,High
CVE-2024-45551,2025-05,Critical
CVE-2024-50264,2025-05,High
CVE-2024-53197,2025-05,High
CVE-2024-56556,2025-05,High
CVE-2024-53150,2025-05,High
CVE-2025-0050,2025-05,High
CVE-2024-43702,2025-05,High
CVE-2024-43703,2025-05,High
CVE-2024-46972,2025-05,High
CVE-2024-47897,2025-05,High
CVE-2024-52936,2025-05,High
CVE-2024-52937,2025-05,High
CVE-2024-52938,2025-05,High
CVE-2024-47894,2025-05,High
CVE-2024-47895,2025-05,High
CVE-2025-20656,2025-05,High
CVE-2025-20657,2025-05,High
CVE-2025-20658,2025-05,High
CVE-2025-20655,2025-05,High
CVE-2024-43066,2025-05,High
CVE-2024-49848,2025-05,High
CVE-2025-21429,2025-05,High
CVE-2025-21430,2025-05,High
CVE-2025-21434,2025-05,High
CVE-2025-21435,2025-05,High
CVE-2025-21436,2025-05,High
CVE-2024-33058,2025-05,High
CVE-2024-43065,2025-05,High
CVE-2024-45549,2025-05,High
CVE-2024-45552,2025-05,High
CVE-2025-21448,2025-05,High
CVE-2025-26456,2025-06,High
CVE-2025-26450,2025-06,High
CVE-2025-26452,2025-06,High
CVE-2025-26455,2025-06,High
CVE-2025-26458,2025-06,High
CVE-2025-26462,2025-06,High
CVE-2025-32312,2025-06,High
CVE-2025-26437,2025-06,High
CVE-2025-26448,2025-06,High
CVE-2025-26432,2025-06,High
CVE-2025-26449,2025-06,High
CVE-2025-26463,2025-06,High
CVE-2025-26443,2025-06,High
CVE-2025-26441,2025-06,High
CVE-2025-26445,2025-06,High
CVE-2025-26453,2025-06,High
CVE-2024-49739,2025-06,High
CVE-2025-0072,2025-06,High
CVE-2025-0427,2025-06,High
CVE-2024-12577,2025-06,High
CVE-2024-46974,2025-06,High
CVE-2024-46975,2025-06,High
CVE-2024-47891,2025-06,High
CVE-2024-47896,2025-06,High
CVE-2024-47900,2025-06,High
CVE-2024-52939,2025-06,High
CVE-2025-20666,2025-06,High
CVE-2024-45580,2025-06,High
CVE-2025-21453,2025-06,High
CVE-2025-21459,2025-06,High
CVE-2025-21467,2025-06,High
CVE-2025-21468,2025-06,High
CVE-2024-49835,2025-06,High
CVE-2024-49841,2025-06,High
CVE-2024-49842,2025-06,High
CVE-2024-49845,2025-06,High
CVE-2024-49846,2025-06,High
CVE-2024-49847,2025-06,High
CVE-2025-0089,2025-07,High
CVE-2025-32330,2025-07,High
CVE-2024-49714,2025-07,High
CVE-2025-26454,2025-07,High
CVE-2025-26464,2025-07,High
CVE-2025-32327,2025-07,High
CVE-2025-0073,2025-07,High
CVE-2025-0819,2025-07,High
CVE-2024-12576,2025-07,High
CVE-2024-12837,2025-07,High
CVE-2024-47893,2025-07,High
CVE-2025-0468,2025-07,High
CVE-2025-0478,2025-07,High
CVE-2025-0835,2025-07,High
CVE-2025-25178,2025-07,High
CVE-2025-21424,2025-07,High
CVE-2025-21485,2025-07,High
CVE-2025-21486,2025-07,High
CVE-2024-53010,2025-07,High
CVE-2024-53019,2025-07,High
CVE-2024-53020,2025-07,High
CVE-2024-53021,2025-07,High
CVE-2024-53026,2025-07,High
CVE-2025-27029,2025-07,High
CVE-2025-48530,2025-08,Critical
CVE-2025-22441,2025-08,High
CVE-2025-48533,2025-08,High
CVE-2021-39810,2025-08,High
CVE-2023-24023,2025-08,High
CVE-2025-32341,2025-08,High
CVE-2025-26447,2025-08,High
CVE-2025-48529,2025-08,High
CVE-2025-32326,2025-08,High
CVE-2025-48527,2025-08,High
CVE-2025-32321,2025-08,High
CVE-2025-48528,2025-08,High
CVE-2025-26433,2025-08,High
CVE-2025-48523,2025-08,High
CVE-2025-32347,2025-08,High
CVE-2025-48531,2025-08,High
CVE-2025-32323,2025-08,High
CVE-2025-48524,2025-08,High
CVE-2025-32325,2025-08,High
CVE-2025-32331,2025-08,High
CVE-2025-32350,2025-08,High
CVE-2025-32324,2025-08,High
CVE-2025-32348,2025-08,High
CVE-2025-48526,2025-08,High
CVE-2025-32349,2025-08,High
CVE-2025-32345,2025-08,High
CVE-2025-32333,2025-08,High
CVE-2025-48522,2025-08,High
CVE-2025-0089,2025-08,High
CVE-2025-32313,2025-08,High
CVE-2025-22436,2025-08,High
CVE-2025-27057,2025-08,High
CVE-2025-20634,2025-08,High
CVE-2025-20708,2025-08,High
CVE-2025-20667,2025-08,High
CVE-2025-20665,2025-08,High
CVE-2025-20693,2025-08,High
CVE-2025-27052,2025-08,High
CVE-2025-21427,2025-08,High
CVE-2025-27042,2025-08,High
CVE-2025-27056,2025-08,High
CVE-2025-21426,2025-08,High
CVE-2025-21455,2025-08,High
CVE-2025-21461,2025-08,High
CVE-2025-21473,2025-08,High
CVE-2025-27043,2025-08,High
CVE-2025-27061,2025-08,High
CVE-2025-21463,2025-08,High
CVE-2025-48539,2025-09,Critical
CVE-2025-32346,2025-09,High
CVE-2025-48543,2025-09,High
CVE-2025-48540,2025-09,High
CVE-2025-48546,2025-09,High
CVE-2025-48548,2025-09,High
CVE-2025-48549,2025-09,High
CVE-2025-48552,2025-09,High
CVE-2025-48553,2025-09,High
CVE-2025-48556,2025-09,High
CVE-2025-48558,2025-09,High
CVE-2025-48563,2025-09,High
CVE-2025-0076,2025-09,High
CVE-2025-48537,2025-09,High
CVE-2025-48545,2025-09,High
CVE-2025-48561,2025-09,High
CVE-2025-48562,2025-09,High
CVE-2025-48538,2025-09,High
CVE-2025-48542,2025-09,High
CVE-2025-48550,2025-09,High
CVE-2025-48554,2025-09,High
CVE-2025-48559,2025-09,High
CVE-2025-48532,2025-09,High
CVE-2025-48535,2025-09,High
CVE-2025-48541,2025-09,High
CVE-2025-48547,2025-09,High
CVE-2025-48581,2025-09,High
CVE-2025-48551,2025-09,High
CVE-2025-48560,2025-09,High
CVE-2025-48534,2025-09,High
CVE-2025-0932,2025-09,High
CVE-2025-20696,2025-09,High
CVE-2025-20705,2025-09,High
CVE-2025-20704,2025-09,High
CVE-2025-20697,2025-09,High
CVE-2025-20698,2025-09,High
CVE-2025-21484,2025-09,High
CVE-2025-21456,2025-09,High
CVE-2025-21458,2025-09,High
CVE-2025-27066,2025-09,High
CVE-2025-21476,2025-09,High
CVE-2025-27030,2025-09,High
CVE-2025-47320,2025-09,High
CVE-2025-27033,2025-09,High
CVE-2025-21472,2025-09,High
CVE-2025-47329,2025-09,High
CVE-2024-53009,2025-09,High
CVE-2025-21422,2025-09,High
CVE-2025-21432,2025-09,High
CVE-2025-21433,2025-09,High
CVE-2025-21474,2025-09,High
CVE-2025-26433,2025-10,High
CVE-2025-32328,2025-10,High
CVE-2025-32329,2025-10,High
CVE-2025-48565,2025-10,High
CVE-2025-48566,2025-10,High
CVE-2025-48570,2025-10,High
CVE-2025-48573,2025-10,High
CVE-2025-48574,2025-10,High
CVE-2025-48575,2025-10,High
CVE-2025-48580,2025-10,High
CVE-2025-22436,2025-10,High
CVE-2025-48584,2025-10,High
CVE-2025-48572,2025-10,High
CVE-2025-48536,2025-10,High
CVE-2025-48564,2025-10,High
CVE-2025-48586,2025-10,High
CVE-2025-48555,2025-10,High
CVE-2025-48576,2025-10,High
CVE-2025-48578,2025-10,High
CVE-2025-48582,2025-10,High
CVE-2025-48567,2025-10,High
CVE-2025-27052,2025-10,High
CVE-2025-21427,2025-10,High
CVE-2025-21483,2025-10,High
CVE-2025-21484,2025-10,High
CVE-2025-21487,2025-10,High
CVE-2025-21488,2025-10,High
CVE-2025-021701,2025-10,High
CVE-2025-21755,2025-10,High
CVE-2025-27042,2025-10,High
CVE-2025-38352,2025-10,High
CVE-2025-27056,2025-10,High
CVE-2025-1246,2025-10,High
CVE-2025-3212,2025-10,High
CVE-2024-47898,2025-10,High
CVE-2024-47899,2025-10,High
CVE-2025-0467,2025-10,High
CVE-2025-1706,2025-10,High
CVE-2025-25179,2025-10,High
CVE-2025-25180,2025-10,High
CVE-2025-46707,2025-10,High
CVE-2025-46708,2025-10,High
CVE-2025-46710,2025-10,High
CVE-2025-8109,2025-10,High
CVE-2025-27043,2025-10,High
CVE-2025-27061,2025-10,High
CVE-2025-20703,2025-10,High
CVE-2025-20704,2025-10,High
CVE-2025-20708,2025-10,High
CVE-2025-21450,2025-10,High
CVE-2025-21477,2025-10,High
CVE-2025-27034,2025-10,High
CVE-2025-20696,2025-10,High
CVE-2024-7881,2025-10,High
CVE-2025-21482,2025-10,High
CVE-2025-47329,2025-10,High
CVE-2025-21464,2025-10,High
CVE-2025-21465,2025-10,High
CVE-2025-27032,2025-10,High
CVE-2025-21432,2025-10,High
CVE-2025-21433,2025-10,High
CVE-2025-21481,2025-10,High
CVE-2025-47317,2025-10,High
CVE-2025-47318,2025-10,High
CVE-2025-27057,2025-10,High
CVE-2025-21446,2025-10,High
CVE-2025-21449,2025-10,High
CVE-2025-21454,2025-10,High
CVE-2025-27065,2025-10,High
CVE-2025-27066,2025-10,High
CVE-2025-27073,2025-10,High
CVE-2025-47326,2025-10,High
CVE-2025-47328,2025-10,High
CVE-2025-20721,2025-10,High
CVE-2025-20726,2025-10,High
CVE-2025-20727,2025-10,High
CVE-2025-20725,2025-10,High
CVE-2025-20722,2025-10,High
CVE-2025-20723,2025-10,High
CVE-2025-27039,2025-10,High
CVE-2025-47323,2025-10,High
CVE-2025-27041,2025-10,High
CVE-2025-21452,2025-10,High
CVE-2025-21478,2025-10,High
CVE-2025-48593,2025-11,Critical
CVE-2025-48525,2025-11,High
CVE-2025-48577,2025-11,High
CVE-2025-48583,2025-11,High
CVE-2025-48588,2025-11,High
CVE-2025-48589,2025-11,High
CVE-2025-48594,2025-11,High
CVE-2025-48596,2025-11,High
CVE-2025-48597,2025-11,High
CVE-2025-48605,2025-11,High
CVE-2025-48615,2025-11,High
CVE-2025-48619,2025-11,High
CVE-2025-48620,2025-11,High
CVE-2025-48591,2025-11,High
CVE-2025-48592,2025-11,High
CVE-2025-32348,2025-11,High
CVE-2025-48590,2025-11,High
CVE-2025-48603,2025-11,High
CVE-2025-48607,2025-11,High
CVE-2025-48614,2025-11,High
CVE-2023-40130,2025-11,High
CVE-2025-22432,2025-11,High
CVE-2025-48595,2025-11,High
CVE-2025-48598,2025-11,High
CVE-2025-48599,2025-11,High
CVE-2025-48601,2025-11,High
CVE-2025-48602,2025-11,High
CVE-2025-48612,2025-11,High
CVE-2025-48617,2025-11,High
CVE-2025-48618,2025-11,High
CVE-2024-43766,2025-11,High
CVE-2025-48600,2025-11,High
CVE-2025-48604,2025-11,High
CVE-2025-48616,2025-11,High
CVE-2025-48568,2025-11,High
CVE-2025-47351,2025-11,High
CVE-2025-47354,2025-11,High
CVE-2025-27053,2025-11,High
CVE-2025-27054,2025-11,High
CVE-2025-47370,2025-11,High
CVE-2025-48631,2025-12,Critical
CVE-2025-32319,2025-12,High
CVE-2025-22420,2025-12,High
CVE-2025-48564,2025-12,High
CVE-2025-48565,2025-12,High
CVE-2025-48566,2025-12,High
CVE-2025-48601,2025-12,High
CVE-2023-48618,2025-12,High
CVE-2025-48621,2025-12,High
CVE-2025-48627,2025-12,High
CVE-2025-48629,2025-12,High
CVE-2025-48632,2025-12,High
CVE-2025-48628,2025-12,High
CVE-2025-48633,2025-12,High
CVE-2024-48576,2025-12,High
CVE-2025-48626,2025-12,High
CVE-2025-48622,2025-12,High
CVE-2025-48639,2025-12,High
CVE-2025-20730,2025-12,High
CVE-2025-20743,2025-12,High
CVE-2025-20746,2025-12,High
CVE-2025-20747,2025-12,High
CVE-2025-20749,2025-12,High
CVE-2025-54957,2025-12,High
CVE-2026-0006,2026-01,Critical
CVE-2025-48544,2026-01,High
CVE-2025-48567,2026-01,High
CVE-2025-48578,2026-01,High
CVE-2025-48579,2026-01,High
CVE-2025-48582,2026-01,High
CVE-2025-48635,2026-01,High
CVE-2026-0007,2026-01,High
CVE-2026-0008,2026-01,High
CVE-2026-0009,2026-01,High
CVE-2025-26447,2026-01,High
CVE-2025-48630,2026-01,High
CVE-2025-32348,2026-01,High
CVE-2026-0010,2026-01,High
CVE-2024-43766,2026-01,High
CVE-2026-0005,2026-01,High
CVE-2025-48585,2026-01,High
CVE-2025-48587,2026-01,High
CVE-2025-48609,2026-01,High
CVE-2025-47382,2026-01,High
CVE-2025-47321,2026-01,High
CVE-2025-47319,2026-01,High
CVE-2025-20766,2026-01,High
CVE-2025-20767,2026-01,High
CVE-2025-20768,2026-01,High
CVE-2025-20769,2026-01,High
CVE-2025-20770,2026-01,High
CVE-2025-20771,2026-01,High
CVE-2025-20772,2026-01,High
CVE-2025-20773,2026-01,High
CVE-2025-20774,2026-01,High
CVE-2025-20775,2026-01,High
CVE-2025-20776,2026-01,High
CVE-2025-20777,2026-01,High
CVE-2025-20750,2026-01,High
CVE-2025-20751,2026-01,High
CVE-2025-20752,2026-01,High
CVE-2025-20753,2026-01,High
CVE-2025-20754,2026-01,High
CVE-2025-20755,2026-01,High
CVE-2025-20756,2026-01,High
CVE-2025-20757,2026-01,High
CVE-2025-20758,2026-01,High
CVE-2025-20759,2026-01,High
CVE-2025-20790,2026-01,High
CVE-2025-20791,2026-01,High
CVE-2025-20792,2026-01,High
CVE-2025-20763,2026-01,High
CVE-2025-20764,2026-01,High
CVE-2025-20765,2026-01,High
CVE-2024-35970,2026-01,High
CVE-2025-38236,2026-01,High
CVE-2025-38349,2026-01,High
CVE-2025-38500,2026-01,High
CVE-2025-48610,2026-01,High
CVE-2025-48623,2026-01,High
CVE-2025-48624,2026-01,High
CVE-2025-48637,2026-01,High
CVE-2025-48638,2026-01,High
CVE-2025-20730,2026-01,High
CVE-2025-47372,2026-01,High
CVE-2025-47351,2026-01,High
CVE-2025-47354,2026-01,High
CVE-2025-2879,2026-01,High
CVE-2025-6349,2026-01,High
CVE-2025-8045,2026-01,High
CVE-2025-25177,2026-01,High
CVE-2025-46711,2026-01,High
CVE-2025-58410,2026-01,High
CVE-2025-6573,2026-01,High
CVE-2025-47323,2026-01,High
CVE-2025-20726,2026-01,High
CVE-2025-20727,2026-01,High
CVE-2025-20725,2026-01,High
CVE-2025-27053,2026-01,High
CVE-2025-27054,2026-01,High
CVE-2025-27074,2026-01,High
CVE-2025-27070,2026-01,High
CVE-2025-47370,2026-01,High
CVE-2026-0012,2026-02,High
CVE-2026-0014,2026-02,High
CVE-2026-0015,2026-02,High
CVE-2026-0020,2026-02,High
CVE-2026-0018,2026-02,High
CVE-2026-0017,2026-02,High
CVE-2025-48644,2026-02,High
CVE-2025-48645,2026-02,High
CVE-2025-48646,2026-02,High
CVE-2026-0023,2026-02,High
CVE-2025-48649,2026-02,High
CVE-2025-48652,2026-02,High
CVE-2025-48641,2026-02,High
CVE-2026-0013,2026-02,High
CVE-2026-0021,2026-02,High
CVE-2025-48653,2026-02,High
CVE-2025-48642,2026-02,High
CVE-2025-48650,2026-02,High
CVE-2024-35970,2026-02,High
CVE-2025-38236,2026-02,High
CVE-2025-38349,2026-02,High
CVE-2025-38500,2026-02,High
CVE-2025-48610,2026-02,High
CVE-2025-48623,2026-02,High
CVE-2025-48624,2026-02,High
CVE-2025-48637,2026-02,High
CVE-2025-48638,2026-02,High
CVE-2025-20730,2026-02,High
CVE-2025-47372,2026-02,High
CVE-2025-47382,2026-02,High
CVE-2025-47351,2026-02,High
CVE-2025-47354,2026-02,High
CVE-2025-2879,2026-02,High
CVE-2025-6349,2026-02,High
CVE-2025-8045,2026-02,High
CVE-2025-25177,2026-02,High
CVE-2025-46711,2026-02,High
CVE-2025-58410,2026-02,High
CVE-2025-6573,2026-02,High
CVE-2025-47323,2026-02,High
CVE-2025-20726,2026-02,High
CVE-2025-20727,2026-02,High
CVE-2025-20750,2026-02,High
CVE-2025-20751,2026-02,High
CVE-2025-20752,2026-02,High
CVE-2025-20753,2026-02,High
CVE-2025-20754,2026-02,High
CVE-2025-20755,2026-02,High
CVE-2025-20756,2026-02,High
CVE-2025-20757,2026-02,High
CVE-2025-20758,2026-02,High
CVE-2025-20759,2026-02,High
CVE-2025-20790,2026-02,High
CVE-2025-20791,2026-02,High
CVE-2025-20792,2026-02,High
CVE-2025-20725,2026-02,High
CVE-2025-27053,2026-02,High
CVE-2025-27054,2026-02,High
CVE-2025-27074,2026-02,High
CVE-2025-47319,2026-02,High
CVE-2025-27070,2026-02,High
CVE-2025-47370,2026-02,High
CVE-2026-0033,2026-03,High
CVE-2025-48634,2026-03,High
CVE-2026-0025,2026-03,High
CVE-2025-48615,2026-03,High
CVE-2025-48654,2026-03,High
CVE-2026-0034,2026-03,High
CVE-2026-0011,2026-03,High
CVE-2025-48630,2026-03,High
CVE-2026-0024,2026-03,High
CVE-2026-0035,2026-03,High
CVE-2025-32313,2026-03,High
CVE-2024-35970,2026-03,High
CVE-2026-0049,2026-04,Critical
CVE-2025-65018,2026-04,Critical
CVE-2025-64505,2026-04,Critical
CVE-2025-64720,2026-04,Critical
CVE-2026-0043,2026-04,Critical
CVE-2026-0039,2026-04,Critical
CVE-2026-0040,2026-04,Critical
CVE-2026-0041,2026-04,Critical
CVE-2026-0042,2026-04,Critical
CVE-2026-0044,2026-04,Critical
CVE-2026-0052,2026-04,Critical
CVE-2025-22424,2026-04,High
CVE-2025-22426,2026-04,High
CVE-2025-48595,2026-04,High
CVE-2025-48649,2026-04,High
CVE-2025-48652,2026-04,High
CVE-2026-0046,2026-04,High
CVE-2026-0048,2026-04,High
CVE-2026-0055,2026-04,High
CVE-2025-26447,2026-04,High
CVE-2026-0036,2026-04,High
CVE-2026-0056,2026-04,High
CVE-2026-0016,2026-04,High
CVE-2026-0054,2026-04,High
CVE-2026-0018,2026-04,High
CVE-2025-48617,2026-04,High
CVE-2025-48600,2026-04,High
CVE-2024-43859,2026-04,High
CVE-2025-38616,2026-04,High
CVE-2025-38618,2026-04,High
CVE-2025-39682,2026-04,High
CVE-2025-39946,2026-04,High
CVE-2025-40266,2026-04,High
CVE-2026-0027,2026-04,High
CVE-2026-0029,2026-04,High
CVE-2026-0030,2026-04,High
CVE-2026-0032,2026-04,High
CVE-2026-0037,2026-04,High
CVE-2026-0038,2026-04,High
CVE-2025-2879,2026-04,High
CVE-2026-0001,2026-04,High
CVE-2025-10865,2026-04,High
CVE-2025-13952,2026-04,High
CVE-2025-58408,2026-04,High
CVE-2026-0073,2026-05,Critical
CVE-2025-32348,2026-05,High
CVE-2025-48612,2026-05,High
CVE-2025-48615,2026-05,High
CVE-2026-0009,2026-05,High
CVE-2026-0058,2026-05,High
CVE-2026-0059,2026-05,High
CVE-2026-0060,2026-05,High
CVE-2026-0061,2026-05,High
CVE-2026-0062,2026-05,High
CVE-2026-0063,2026-05,High
CVE-2026-0065,2026-05,High
CVE-2026-0069,2026-05,High
CVE-2026-0070,2026-05,High
CVE-2026-0074,2026-05,High
CVE-2026-0075,2026-05,High
CVE-2026-0076,2026-05,High
CVE-2026-0078,2026-05,High
CVE-2026-0085,2026-05,High
CVE-2026-0087,2026-05,High
CVE-2026-0088,2026-05,High
CVE-2026-0091,2026-05,High
CVE-2026-0093,2026-05,High
CVE-2026-0094,2026-05,High
CVE-2025-48651,2026-05,High
CVE-2026-0097,2026-06,Critical
CVE-2026-21352,2026-06,Critical
CVE-2026-21353,2026-06,Critical
CVE-2025-48570,2026-06,High
CVE-2025-48595,2026-06,High
CVE-2026-0100,2026-06,High
CVE-2026-28577,2026-06,High
CVE-2026-28580,2026-06,High
CVE-2026-28586,2026-06,High
CVE-2026-28578,2026-06,High
CVE-2025-26418,2026-06,High
CVE-2026-0045,2026-06,High
CVE-2026-0059,2026-06,High
CVE-2026-0095,2026-06,High
CVE-2026-0096,2026-06,High
CVE-2026-0098,2026-06,High
CVE-2026-0099,2026-06,High
CVE-2026-28574,2026-06,High
CVE-2026-0050,2026-06,High
CVE-2026-28581,2026-06,High
CVE-2025-48648,2026-06,High
CVE-2026-0060,2026-06,High
